{
  "Sprint.KeyToggle.Key": "key.keyboard.left.control",
  "Sprint.Mode": "TAP_TO_START",
  "Sprint.DoubleTapForward": false,
  "Sprint.ResumeAfterHittingObstacle": false,
  "Sneak.KeyToggle.Key": "key.keyboard.unknown",
  "Sneak.SmoothCamera": true,
  "Flight.KeyToggle.Creative.Key": "key.keyboard.unknown",
  "Flight.DoubleTapJump": true,
  "Flight.DisableInertia": true,
  "Flight.DisableChangingFOV": true,
  "Flight.FlyOnGround.Creative": true,
  "Flight.SpeedMp.Creative.Default": 1.0,
  "Flight.SpeedMp.Creative.Sprinting": 2.0,
  "Flight.SpeedMp.Spectator.Default": 1.0,
  "Flight.SpeedMp.Spectator.Sprinting": 2.0,
  "Flight.VerticalBoost.Creative.Default": 0.0,
  "Flight.VerticalBoost.Creative.Sprinting": 0.0,
  "Flight.VerticalBoost.Spectator.Default": 0.0,
  "Flight.VerticalBoost.Spectator.Sprinting": 0.0,
  "Misc.KeyToggleWalkForward.Key": "key.keyboard.unknown",
  "Misc.KeyToggleJump.Key": "key.keyboard.unknown",
  "Misc.KeyResetAllToggles.Key": "key.keyboard.unknown",
  "Misc.KeyOpenMenu.Key": "key.keyboard.unknown"
}