{
	"credit": "Made with Blockbench",
	"parent": "minecraft:block/block",
	"textures": {
		"3": "advancedrocketry:blocks/fueltank",
		"4": "advancedrocketry:blocks/tank_inner",
		"bottom": "advancedrocketry:blocks/thruster_top",
		"top": "advancedrocketry:blocks/thruster_top",
		"particle": "advancedrocketry:blocks/thruster",
		"side": "advancedrocketry:blocks/thruster"
	},
	"elements": [
		{
			"from": [1, 13, 1],
			"to": [15, 16, 15],
			"faces": {
				"north": {"uv": [1, 0, 15, 3], "texture": "#side"},
				"east": {"uv": [1, 0, 15, 3], "texture": "#side"},
				"south": {"uv": [1, 0, 15, 3], "texture": "#side"},
				"west": {"uv": [1, 0, 15, 3], "texture": "#side"},
				"up": {"uv": [1, 1, 15, 15], "texture": "#top", "cullface": "up"},
				"down": {"uv": [1, 1, 15, 15], "texture": "#top"}
			}
		},
		{
			"from": [3, 10, 3],
			"to": [13, 13, 13],
			"faces": {
				"north": {"uv": [3, 3, 13, 6], "texture": "#side"},
				"east": {"uv": [3, 3, 13, 6], "texture": "#side"},
				"south": {"uv": [3, 3, 13, 6], "texture": "#side"},
				"west": {"uv": [3, 3, 13, 6], "texture": "#side"},
				"up": {"uv": [3, 3, 13, 13], "texture": "#top"}
			}
		},
		{
			"from": [2, 6, 2],
			"to": [14, 10, 14],
			"faces": {
				"north": {"uv": [2, 6, 14, 10], "texture": "#side"},
				"east": {"uv": [2, 6, 14, 10], "texture": "#side"},
				"south": {"uv": [2, 6, 14, 10], "texture": "#side"},
				"west": {"uv": [2, 6, 14, 10], "texture": "#side"},
				"up": {"uv": [2, 7, 3, 8], "texture": "#side"}
			}
		},
		{
			"from": [1, 0, 1],
			"to": [13, 6, 3],
			"faces": {
				"north": {"uv": [3, 10, 15, 16], "texture": "#side"},
				"south": {"uv": [1, 8, 13, 14], "texture": "#top"},
				"west": {"uv": [1, 10, 3, 16], "texture": "#side"},
				"up": {"uv": [1, 1, 13, 3], "texture": "#top"},
				"down": {"uv": [1, 13, 13, 15], "texture": "#bottom"}
			}
		},
		{
			"from": [13, 0, 1],
			"to": [15, 6, 13],
			"faces": {
				"north": {"uv": [1, 10, 3, 16], "texture": "#side"},
				"east": {"uv": [3, 10, 15, 16], "texture": "#side"},
				"west": {"uv": [1, 8, 13, 14], "texture": "#top"},
				"up": {"uv": [13, 1, 15, 13], "texture": "#top"},
				"down": {"uv": [13, 3, 15, 15], "texture": "#bottom"}
			}
		},
		{
			"from": [3, 0, 13],
			"to": [15, 6, 15],
			"faces": {
				"north": {"uv": [1, 8, 13, 14], "texture": "#top"},
				"east": {"uv": [1, 10, 3, 16], "texture": "#side"},
				"south": {"uv": [3, 10, 15, 16], "texture": "#side"},
				"up": {"uv": [3, 13, 15, 15], "texture": "#top"},
				"down": {"uv": [3, 1, 15, 3], "texture": "#bottom"}
			}
		},
		{
			"from": [1, 0, 3],
			"to": [3, 6, 15],
			"faces": {
				"east": {"uv": [1, 8, 13, 14], "texture": "#bottom"},
				"south": {"uv": [1, 10, 3, 16], "texture": "#side"},
				"west": {"uv": [3, 10, 15, 16], "texture": "#side"},
				"up": {"uv": [1, 3, 3, 15], "texture": "#top"},
				"down": {"uv": [1, 1, 3, 13], "texture": "#bottom"}
			}
		},
		{
			"from": [3, 2, 3],
			"to": [13, 2, 13],
			"faces": {
				"down": {"uv": [3, 3, 13, 13], "texture": "#3"}
			}
		},
		{
			"from": [3, 2.25, 3],
			"to": [13, 2.25, 13],
			"faces": {
				"down": {"uv": [3, 3, 13, 13], "texture": "#4"}
			}
		}
	]
}